category,test_name,ops_per_sec,duration_ms
Sequential Integer Arithmetic,Integer Add,6.14245e+08,81.4007
Sequential Integer Arithmetic,Integer Multiply,8.8338e+08,56.6008
Sequential Integer Arithmetic,Integer Divide,7.64386e+08,65.412
Floating Point Arithmetic,Float Add,3.7003e+08,81.0746
Floating Point Arithmetic,Float Multiply,3.67097e+08,81.7222
Floating Point Arithmetic,Float Divide,1.67868e+08,178.712
Memory Hierarchy (Cache / RAM),Size=32KB stride=1,6.1948e+08,0.6612
Memory Hierarchy (Cache / RAM),Size=256KB stride=4,6.02087e+08,1.3606
Memory Hierarchy (Cache / RAM),Size=2048KB stride=16,5.34569e+08,3.0649
Memory Hierarchy (Cache / RAM),Size=32768KB stride=64,1.09252e+08,59.9859
Multi-threaded Scaling,1 threads,1.57375e+09,12.7085
Multi-threaded Scaling,2 threads,3.93364e+09,10.1687
Multi-threaded Scaling,4 threads,7.82855e+09,10.219
Multi-threaded Scaling,8 threads,1.57417e+10,10.1641
